EarthquakeID,Total_R
1,-0.3722181421153928
2,0.03794627852047759
3,0.238635782093095
4,-0.8391055665831021
5,0.6548981288706068
6,-0.22187470773906431
7,0.26124302769560825
8,-0.030340618976366703
9,-0.006873956152065379
10,0.277689774384355
